Group,Species,Experiment,Light,Response,n,mu
Seaweed,Desmarestia anceps,233,Light,Chlorophyll,80000,440 (6.2 ± 0.38)
Seaweed,Durvillaea antarctica,380,Light,Photosynthesis,80000,58 (4.1 ± 0.85)
Seaweed,Durvillaea antarctica,381,Light,Photosynthesis,80000,60 (4.1 ± 0.81)
Seaweed,Durvillaea antarctica,378,Light,Photosynthesis,80000,61 (4.2 ± 0.8)
Seaweed,Durvillaea antarctica,377,Light,Photosynthesis,80000,61 (4.2 ± 0.8)
Seaweed,Durvillaea antarctica,379,Light,Photosynthesis,80000,61 (4.2 ± 0.79)
Seaweed,Durvillaea antarctica,382,Light,Photosynthesis,80000,62 (4.2 ± 0.79)
Seaweed,Durvillaea antarctica,393,Light,Chlorophyll,80000,91 (4.5 ± 0.95)
Seaweed,Durvillaea antarctica,392,Light,Chlorophyll,80000,94 (4.6 ± 0.9)
Seaweed,Durvillaea antarctica,391,Light,Chlorophyll,80000,95 (4.6 ± 0.87)
Seaweed,Durvillaea antarctica,397,Light,Chlorophyll,80000,95 (4.6 ± 0.9)
Seaweed,Durvillaea antarctica,389,Light,Chlorophyll,80000,95 (4.6 ± 0.88)
Seaweed,Durvillaea antarctica,395,Light,Chlorophyll,80000,95 (4.6 ± 0.9)
Seaweed,Durvillaea antarctica,398,Light,Chlorophyll,80000,96 (4.6 ± 0.9)
Seaweed,Durvillaea antarctica,396,Light,Chlorophyll,80000,96 (4.6 ± 0.9)
Seaweed,Durvillaea antarctica,394,Light,Chlorophyll,80000,96 (4.6 ± 0.86)
Seaweed,Durvillaea antarctica,390,Light,Chlorophyll,80000,96 (4.6 ± 0.86)
Seaweed,Ecklonia radiata,354,Light,Photosynthesis,80000,8 (2.2 ± 0.37)
Seaweed,Ecklonia radiata,548,Light,Photosynthesis,80000,15 (2.7 ± 0.097)
Seaweed,Ecklonia radiata,350,Light,Photosynthesis,80000,34 (3.6 ± 0.68)
Seaweed,Ecklonia radiata,353,Light,Photosynthesis,80000,34 (3.6 ± 0.67)
Seaweed,Ecklonia radiata,352,Light,Photosynthesis,80000,35 (3.6 ± 0.67)
Seaweed,Ecklonia radiata,351,Light,Photosynthesis,80000,35 (3.6 ± 0.67)
Seaweed,Ecklonia radiata,349,Light,Photosynthesis,80000,35 (3.6 ± 0.66)
Seaweed,Ecklonia radiata,549,Light,Photosynthesis,80000,35 (3.7 ± 0.57)
Seaweed,Ecklonia radiata,547,Light,Photosynthesis,80000,48 (3.9 ± 0.081)
Seaweed,Ecklonia radiata,546,Dark,Photosynthesis,80000,14 (2.6 ± 0.07)
Seaweed,Laminaria digitata,532,Light,Photosynthesis,80000,68 (4.3 ± 0.67)
Seaweed,Laminaria digitata,107,Light,Photosynthesis,80000,68 (4.2 ± 0.84)
Seaweed,Laminaria digitata,108,Light,Photosynthesis,80000,68 (4.2 ± 0.85)
Seaweed,Laminaria digitata,535,Light,Photosynthesis,80000,79 (4.5 ± 0.66)
Seaweed,Laminaria digitata,527,Light,Chlorophyll,80000,110 (4.7 ± 0.79)
Seaweed,Laminaria digitata,538,Light,Chlorophyll,80000,120 (4.8 ± 0.72)
Seaweed,Laminaria hyperborea,432,Light,Photosynthesis,80000,8.8 (2.2 ± 0.038)
Seaweed,Laminaria hyperborea,429,Light,Photosynthesis,80000,8.8 (2.2 ± 0.038)
Seaweed,Laminaria hyperborea,433,Light,Photosynthesis,80000,8.8 (2.2 ± 0.038)
Seaweed,Laminaria hyperborea,424,Light,Photosynthesis,80000,11 (2.4 ± 0.047)
Seaweed,Laminaria hyperborea,454,Light,Photosynthesis,80000,13 (2.5 ± 0.08)
Seaweed,Laminaria hyperborea,430,Light,Photosynthesis,80000,14 (2.6 ± 0.067)
Seaweed,Laminaria hyperborea,427,Light,Photosynthesis,80000,18 (2.9 ± 0.081)
Seaweed,Laminaria hyperborea,533,Light,Photosynthesis,80000,29 (3.4 ± 0.29)
Seaweed,Laminaria hyperborea,462,Light,Photosynthesis,80000,58 (4 ± 0.79)
Seaweed,Laminaria hyperborea,459,Light,Photosynthesis,80000,60 (4.1 ± 0.68)
Seaweed,Laminaria hyperborea,463,Light,Photosynthesis,80000,60 (4.1 ± 0.75)
Seaweed,Laminaria hyperborea,109,Light,Photosynthesis,80000,62 (4.1 ± 0.74)
Seaweed,Laminaria hyperborea,110,Light,Photosynthesis,80000,62 (4.1 ± 0.74)
Seaweed,Laminaria hyperborea,460,Light,Photosynthesis,80000,68 (4.3 ± 0.62)
Seaweed,Laminaria hyperborea,457,Light,Photosynthesis,80000,69 (4.3 ± 0.61)
Seaweed,Laminaria hyperborea,452,Light,Photosynthesis,80000,71 (4.3 ± 0.56)
Seaweed,Laminaria hyperborea,483,Light,Photosynthesis,80000,72 (4.3 ± 0.59)
Seaweed,Laminaria hyperborea,484,Light,Photosynthesis,80000,72 (4.3 ± 0.59)
Seaweed,Laminaria hyperborea,481,Light,Photosynthesis,80000,72 (4.3 ± 0.58)
Seaweed,Laminaria hyperborea,496,Light,Photosynthesis,80000,72 (4.3 ± 0.59)
Seaweed,Laminaria hyperborea,489,Light,Photosynthesis,80000,72 (4.3 ± 0.58)
Seaweed,Laminaria hyperborea,479,Light,Photosynthesis,80000,72 (4.3 ± 0.59)
Seaweed,Laminaria hyperborea,490,Light,Photosynthesis,80000,72 (4.3 ± 0.58)
Seaweed,Laminaria hyperborea,482,Light,Photosynthesis,80000,73 (4.3 ± 0.59)
Seaweed,Laminaria hyperborea,495,Light,Photosynthesis,80000,73 (4.4 ± 0.59)
Seaweed,Laminaria hyperborea,480,Light,Photosynthesis,80000,73 (4.4 ± 0.59)
Seaweed,Laminaria hyperborea,494,Light,Photosynthesis,80000,73 (4.4 ± 0.59)
Seaweed,Laminaria hyperborea,493,Light,Photosynthesis,80000,73 (4.4 ± 0.59)
Seaweed,Laminaria hyperborea,488,Light,Photosynthesis,80000,73 (4.4 ± 0.59)
Seaweed,Laminaria hyperborea,486,Light,Photosynthesis,80000,73 (4.4 ± 0.58)
Seaweed,Laminaria hyperborea,492,Light,Photosynthesis,80000,73 (4.4 ± 0.58)
Seaweed,Laminaria hyperborea,491,Light,Photosynthesis,80000,73 (4.4 ± 0.58)
Seaweed,Laminaria hyperborea,485,Light,Photosynthesis,80000,73 (4.4 ± 0.59)
Seaweed,Laminaria hyperborea,487,Light,Photosynthesis,80000,73 (4.4 ± 0.59)
Seaweed,Laminaria hyperborea,449,Light,Photosynthesis,80000,74 (4.4 ± 0.55)
Seaweed,Laminaria hyperborea,536,Light,Photosynthesis,80000,74 (4.4 ± 0.57)
Seaweed,Laminaria hyperborea,450,Light,Photosynthesis,80000,75 (4.4 ± 0.55)
Seaweed,Laminaria hyperborea,421,Light,Photosynthesis,80000,78 (4.4 ± 0.54)
Seaweed,Laminaria hyperborea,455,Light,Photosynthesis,80000,80 (4.5 ± 0.54)
Seaweed,Laminaria hyperborea,419,Light,Photosynthesis,80000,81 (4.5 ± 0.54)
Seaweed,Laminaria hyperborea,456,Light,Photosynthesis,80000,81 (4.5 ± 0.54)
Seaweed,Laminaria hyperborea,458,Light,Photosynthesis,80000,81 (4.5 ± 0.54)
Seaweed,Laminaria hyperborea,422,Light,Photosynthesis,80000,81 (4.5 ± 0.53)
Seaweed,Laminaria hyperborea,420,Light,Photosynthesis,80000,81 (4.5 ± 0.53)
Seaweed,Laminaria hyperborea,461,Light,Photosynthesis,80000,82 (4.5 ± 0.53)
Seaweed,Laminaria hyperborea,453,Light,Photosynthesis,80000,82 (4.5 ± 0.53)
Seaweed,Laminaria hyperborea,451,Light,Photosynthesis,80000,82 (4.5 ± 0.54)
Seaweed,Laminaria hyperborea,423,Light,Photosynthesis,80000,83 (4.5 ± 0.53)
Seaweed,Laminaria hyperborea,426,Light,Photosynthesis,80000,84 (4.5 ± 0.53)
Seaweed,Laminaria hyperborea,428,Light,Photosynthesis,80000,86 (4.5 ± 0.53)
Seaweed,Laminaria hyperborea,425,Light,Photosynthesis,80000,86 (4.5 ± 0.53)
Seaweed,Laminaria hyperborea,431,Light,Photosynthesis,80000,92 (4.6 ± 0.51)
Seaweed,Laminaria hyperborea,418,Light,Photosynthesis,80000,180 (5.3 ± 0.31)
Seaweed,Laminaria hyperborea,417,Light,Photosynthesis,80000,210 (5.4 ± 0.33)
Seaweed,Laminaria hyperborea,528,Light,Chlorophyll,80000,100 (4.7 ± 0.69)
Seaweed,Laminaria hyperborea,539,Light,Chlorophyll,80000,110 (4.8 ± 0.65)
Seaweed,Laminaria ochroleuca,534,Light,Photosynthesis,80000,7.6 (2 ± 0.015)
Seaweed,Laminaria ochroleuca,514,Light,Photosynthesis,80000,10 (2.4 ± 0.058)
Seaweed,Laminaria ochroleuca,448,Light,Photosynthesis,80000,11 (2.4 ± 0.047)
Seaweed,Laminaria ochroleuca,445,Light,Photosynthesis,80000,13 (2.6 ± 0.059)
Seaweed,Laminaria ochroleuca,444,Light,Photosynthesis,80000,19 (2.9 ± 0.085)
Seaweed,Laminaria ochroleuca,465,Light,Photosynthesis,80000,45 (4 ± 0.58)
Seaweed,Laminaria ochroleuca,475,Light,Photosynthesis,80000,58 (4.1 ± 0.69)
Seaweed,Laminaria ochroleuca,478,Light,Photosynthesis,80000,59 (4.1 ± 0.73)
Seaweed,Laminaria ochroleuca,511,Light,Photosynthesis,80000,69 (4.3 ± 0.64)
Seaweed,Laminaria ochroleuca,510,Light,Photosynthesis,80000,72 (4.3 ± 0.62)
Seaweed,Laminaria ochroleuca,537,Light,Photosynthesis,80000,72 (4.3 ± 0.61)
Seaweed,Laminaria ochroleuca,508,Light,Photosynthesis,80000,73 (4.4 ± 0.61)
Seaweed,Laminaria ochroleuca,507,Light,Photosynthesis,80000,75 (4.4 ± 0.62)
Seaweed,Laminaria ochroleuca,474,Light,Photosynthesis,80000,75 (4.4 ± 0.62)
Seaweed,Laminaria ochroleuca,499,Light,Photosynthesis,80000,75 (4.4 ± 0.61)
Seaweed,Laminaria ochroleuca,498,Light,Photosynthesis,80000,75 (4.4 ± 0.61)
Seaweed,Laminaria ochroleuca,512,Light,Photosynthesis,80000,75 (4.4 ± 0.61)
Seaweed,Laminaria ochroleuca,502,Light,Photosynthesis,80000,75 (4.4 ± 0.61)
Seaweed,Laminaria ochroleuca,505,Light,Photosynthesis,80000,76 (4.4 ± 0.61)
Seaweed,Laminaria ochroleuca,500,Light,Photosynthesis,80000,76 (4.4 ± 0.61)
Seaweed,Laminaria ochroleuca,509,Light,Photosynthesis,80000,76 (4.4 ± 0.61)
Seaweed,Laminaria ochroleuca,501,Light,Photosynthesis,80000,77 (4.4 ± 0.61)
Seaweed,Laminaria ochroleuca,513,Light,Photosynthesis,80000,77 (4.4 ± 0.61)
Seaweed,Laminaria ochroleuca,504,Light,Photosynthesis,80000,77 (4.4 ± 0.6)
Seaweed,Laminaria ochroleuca,438,Light,Photosynthesis,80000,77 (4.4 ± 0.57)
Seaweed,Laminaria ochroleuca,497,Light,Photosynthesis,80000,77 (4.4 ± 0.6)
Seaweed,Laminaria ochroleuca,506,Light,Photosynthesis,80000,77 (4.4 ± 0.6)
Seaweed,Laminaria ochroleuca,503,Light,Photosynthesis,80000,77 (4.4 ± 0.6)
Seaweed,Laminaria ochroleuca,468,Light,Photosynthesis,80000,78 (4.4 ± 0.58)
Seaweed,Laminaria ochroleuca,466,Light,Photosynthesis,80000,79 (4.4 ± 0.57)
Seaweed,Laminaria ochroleuca,464,Light,Photosynthesis,80000,79 (4.5 ± 0.57)
Seaweed,Laminaria ochroleuca,436,Light,Photosynthesis,80000,81 (4.5 ± 0.56)
Seaweed,Laminaria ochroleuca,467,Light,Photosynthesis,80000,81 (4.5 ± 0.56)
Seaweed,Laminaria ochroleuca,437,Light,Photosynthesis,80000,82 (4.5 ± 0.56)
Seaweed,Laminaria ochroleuca,435,Light,Photosynthesis,80000,84 (4.5 ± 0.55)
Seaweed,Laminaria ochroleuca,469,Light,Photosynthesis,80000,84 (4.5 ± 0.56)
Seaweed,Laminaria ochroleuca,473,Light,Photosynthesis,80000,84 (4.5 ± 0.55)
Seaweed,Laminaria ochroleuca,470,Light,Photosynthesis,80000,85 (4.5 ± 0.55)
Seaweed,Laminaria ochroleuca,472,Light,Photosynthesis,80000,85 (4.5 ± 0.55)
Seaweed,Laminaria ochroleuca,476,Light,Photosynthesis,80000,86 (4.5 ± 0.56)
Seaweed,Laminaria ochroleuca,471,Light,Photosynthesis,80000,86 (4.5 ± 0.55)
Seaweed,Laminaria ochroleuca,477,Light,Photosynthesis,80000,86 (4.5 ± 0.55)
Seaweed,Laminaria ochroleuca,434,Light,Photosynthesis,80000,86 (4.5 ± 0.55)
Seaweed,Laminaria ochroleuca,442,Light,Photosynthesis,80000,90 (4.6 ± 0.54)
Seaweed,Laminaria ochroleuca,447,Light,Photosynthesis,80000,90 (4.6 ± 0.54)
Seaweed,Laminaria ochroleuca,443,Light,Photosynthesis,80000,92 (4.6 ± 0.54)
Seaweed,Laminaria ochroleuca,439,Light,Photosynthesis,80000,92 (4.6 ± 0.54)
Seaweed,Laminaria ochroleuca,441,Light,Photosynthesis,80000,94 (4.6 ± 0.53)
Seaweed,Laminaria ochroleuca,440,Light,Photosynthesis,80000,94 (4.6 ± 0.52)
Seaweed,Laminaria ochroleuca,446,Light,Photosynthesis,80000,96 (4.6 ± 0.53)
Seaweed,Laminaria ochroleuca,529,Light,Chlorophyll,80000,93 (4.6 ± 0.79)
Seaweed,Macrocystis pyrifera,316,Light,Photosynthesis,80000,49 (3.9 ± 0.91)
Seaweed,Macrocystis pyrifera,126,Light,Photosynthesis,80000,60 (4.1 ± 0.84)
Seaweed,Macrocystis pyrifera,130,Light,Photosynthesis,80000,60 (4.1 ± 0.84)
Seaweed,Macrocystis pyrifera,129,Light,Photosynthesis,80000,60 (4.1 ± 0.84)
Seaweed,Macrocystis pyrifera,128,Light,Photosynthesis,80000,60 (4.1 ± 0.85)
Seaweed,Macrocystis pyrifera,125,Light,Photosynthesis,80000,60 (4.1 ± 0.84)
Seaweed,Macrocystis pyrifera,127,Light,Photosynthesis,80000,60 (4.1 ± 0.84)
Seaweed,Macrocystis pyrifera,374,Light,Photosynthesis,80000,61 (4.1 ± 0.79)
Seaweed,Macrocystis pyrifera,376,Light,Photosynthesis,80000,61 (4.2 ± 0.78)
Seaweed,Macrocystis pyrifera,372,Light,Photosynthesis,80000,61 (4.2 ± 0.78)
Seaweed,Macrocystis pyrifera,373,Light,Photosynthesis,80000,62 (4.2 ± 0.77)
Seaweed,Macrocystis pyrifera,375,Light,Photosynthesis,80000,62 (4.2 ± 0.77)
Seaweed,Macrocystis pyrifera,371,Light,Photosynthesis,80000,63 (4.2 ± 0.77)
Seaweed,Macrocystis pyrifera,88,Light,Chlorophyll,80000,79 (4.5 ± 0.76)
Seaweed,Macrocystis pyrifera,87,Light,Chlorophyll,80000,83 (4.6 ± 0.75)
Seaweed,Macrocystis pyrifera,386,Light,Chlorophyll,80000,95 (4.6 ± 0.85)
Seaweed,Macrocystis pyrifera,388,Light,Chlorophyll,80000,95 (4.6 ± 0.85)
Seaweed,Macrocystis pyrifera,387,Light,Chlorophyll,80000,95 (4.6 ± 0.84)
Seaweed,Macrocystis pyrifera,383,Light,Chlorophyll,80000,96 (4.6 ± 0.84)
Seaweed,Macrocystis pyrifera,384,Light,Chlorophyll,80000,97 (4.6 ± 0.82)
Seaweed,Macrocystis pyrifera,385,Light,Chlorophyll,80000,98 (4.6 ± 0.81)
Seaweed,Macrocystis pyrifera,89,Light,Chlorophyll,80000,100 (4.7 ± 0.7)
Seaweed,Macrocystis pyrifera,90,Light,Chlorophyll,80000,100 (4.7 ± 0.71)
Seaweed,Saccharina latissima,111,Light,Photosynthesis,80000,61 (4.1 ± 0.89)
Seaweed,Saccharina latissima,540,Light,Chlorophyll,80000,120 (4.9 ± 0.69)
Seaweed,Saccorhiza polyschides,541,Light,Chlorophyll,80000,86 (4.6 ± 0.77)
Seaweed,Sargassum fallax,369,Light,Photosynthesis,80000,7.3 (2 ± 0.24)
Seaweed,Sargassum fallax,366,Light,Photosynthesis,80000,21 (3.2 ± 0.8)
Seaweed,Sargassum fallax,364,Light,Photosynthesis,80000,29 (3.4 ± 0.74)
Seaweed,Sargassum fallax,367,Light,Photosynthesis,80000,29 (3.4 ± 0.73)
Seaweed,Sargassum fallax,368,Light,Photosynthesis,80000,29 (3.4 ± 0.72)
Seaweed,Sargassum fallax,365,Light,Photosynthesis,80000,29 (3.5 ± 0.73)
Seaweed,Sargassum fallax,363,Light,Photosynthesis,80000,31 (3.5 ± 0.74)
Seaweed,Sargassum fallax,362,Light,Photosynthesis,80000,32 (3.5 ± 0.7)
Seaweed,Sargassum fallax,361,Light,Photosynthesis,80000,33 (3.6 ± 0.68)
Seaweed,Sargassum spinuligerum,411,Light,Photosynthesis,80000,65 (4.2 ± 0.82)
Seaweed,Sargassum spinuligerum,414,Light,Photosynthesis,80000,65 (4.2 ± 0.82)
Seaweed,Sargassum spinuligerum,413,Light,Photosynthesis,80000,65 (4.2 ± 0.8)
Seaweed,Sargassum spinuligerum,408,Light,Photosynthesis,80000,66 (4.2 ± 0.8)
Seaweed,Sargassum spinuligerum,410,Light,Photosynthesis,80000,66 (4.2 ± 0.8)
Seaweed,Sargassum spinuligerum,412,Light,Photosynthesis,80000,66 (4.2 ± 0.8)
Seaweed,Sargassum spinuligerum,409,Light,Photosynthesis,80000,66 (4.2 ± 0.79)
Seaweed,Sargassum spinuligerum,405,Light,Chlorophyll,80000,100 (4.6 ± 0.89)
Seaweed,Sargassum spinuligerum,402,Light,Chlorophyll,80000,100 (4.6 ± 0.89)
Seaweed,Sargassum spinuligerum,407,Light,Chlorophyll,80000,100 (4.7 ± 0.88)
Seaweed,Sargassum spinuligerum,404,Light,Chlorophyll,80000,100 (4.7 ± 0.87)
Seaweed,Sargassum spinuligerum,403,Light,Chlorophyll,80000,100 (4.7 ± 0.87)
Seaweed,Sargassum spinuligerum,406,Light,Chlorophyll,80000,100 (4.7 ± 0.87)
Seaweed,Scytothalia dorycarpa,360,Light,Photosynthesis,80000,40 (3.6 ± 1.2)
Seaweed,Scytothalia dorycarpa,358,Light,Photosynthesis,80000,40 (3.7 ± 1)
Seaweed,Scytothalia dorycarpa,359,Light,Photosynthesis,80000,45 (3.8 ± 0.94)
Seaweed,Scytothalia dorycarpa,356,Light,Photosynthesis,80000,45 (3.9 ± 0.86)
Seaweed,Scytothalia dorycarpa,357,Light,Photosynthesis,80000,46 (3.9 ± 0.89)
Seaweed,Scytothalia dorycarpa,355,Light,Photosynthesis,80000,46 (3.9 ± 0.85)
Seaweed,Ulva clathrata,313,Light,Chlorophyll,80000,87 (4.5 ± 0.84)
Seaweed,Ulva intestinalis,312,Light,Chlorophyll,80000,85 (4.5 ± 0.85)
Seaweed,Ulva reticulata,314,Light,Chlorophyll,80000,86 (4.5 ± 0.86)
Seagrass,Amphibolis antarctica,550,Light,Photosynthesis,80000,8.1 (2.1 ± 0.023)
Seagrass,Halophila ovalis,551,Light,Photosynthesis,80000,45 (3.9 ± 0.48)
Seagrass,Thalassia testudinum,51,Light,Chlorophyll,80000,25 (3.2 ± 0.095)
Seagrass,Zostera marina,102,Light,Chlorophyll,80000,26 (3.2 ± 0.066)
Seagrass,Zostera muelleri,156,Light,Chlorophyll,80000,25 (3.3 ± 0.67)
Seagrass,Zostera muelleri,157,Dark,Chlorophyll,80000,11 (2.5 ± 0.32)
Seagrass,Zostera muelleri,158,Dark,Chlorophyll,80000,14 (2.8 ± 0.75)
Seagrass,Zostera muelleri,159,Dark,Chlorophyll,80000,17 (2.9 ± 0.7)
Freshwater,Elodea densa,14,Light,Chlorophyll,80000,16 (2.9 ± 0.84)
Freshwater,Elodea densa,338,Light,Chlorophyll,80000,19 (3.1 ± 0.7)
Freshwater,Elodea densa,15,Dark,Chlorophyll,80000,11 (2.5 ± 0.42)
Freshwater,Hydrilla verticillata,262,Light,Chlorophyll,80000,6.8 (2.2 ± 0.7)
Freshwater,Hydrilla verticillata,261,Light,Chlorophyll,80000,7.9 (2.3 ± 0.71)
Freshwater,Hydrilla verticillata,254,Light,Chlorophyll,80000,8.4 (2.1 ± 0.099)
Freshwater,Hydrilla verticillata,136,Light,Chlorophyll,80000,8.6 (2.2 ± 0.12)
Freshwater,Hydrilla verticillata,259,Light,Chlorophyll,80000,10 (2.5 ± 0.71)
Freshwater,Hydrilla verticillata,260,Light,Chlorophyll,80000,11 (2.5 ± 0.7)
Freshwater,Hydrilla verticillata,256,Light,Chlorophyll,80000,15 (2.8 ± 0.49)
Freshwater,Hydrilla verticillata,255,Light,Chlorophyll,80000,15 (2.9 ± 0.49)
Freshwater,Hydrilla verticillata,118,Dark,Photosynthesis,80000,7.8 (2.2 ± 0.52)
Freshwater,Hydrilla verticillata,97,Dark,Photosynthesis,80000,8.9 (2.2 ± 0.12)
Freshwater,Hydrilla verticillata,94,Dark,Photosynthesis,80000,11 (2.5 ± 0.47)
Freshwater,Hydrilla verticillata,135,Dark,Chlorophyll,80000,9 (2.2 ± 0.14)
Freshwater,Hydrilla verticillata,258,Dark,Chlorophyll,80000,10 (2.5 ± 0.64)
Freshwater,Hydrilla verticillata,257,Dark,Chlorophyll,80000,10 (2.4 ± 0.31)
Freshwater,Hydrilla verticillata,116,Dark,Chlorophyll,80000,12 (2.6 ± 0.67)
Freshwater,Hydrilla verticillata,82,Dark,Chlorophyll,80000,13 (2.7 ± 0.55)
Freshwater,Potamogeton sp.,178,Dark,Chlorophyll,80000,53 (4 ± 0.19)
Freshwater,Stuckenia pectinata,119,Dark,Photosynthesis,80000,2.6 (0.95 ± 0.08)
Freshwater,Stuckenia pectinata,95,Dark,Photosynthesis,80000,6.9 (2 ± 0.16)
Freshwater,Stuckenia pectinata,92,Dark,Photosynthesis,80000,7 (2.1 ± 0.5)
Freshwater,Stuckenia pectinata,91,Dark,Chlorophyll,80000,10 (2.5 ± 0.63)
Freshwater,Stuckenia pectinata,114,Dark,Chlorophyll,80000,11 (2.5 ± 0.7)
Freshwater,Vallisneria americana,179,Dark,Chlorophyll,80000,54 (4 ± 0.2)
Freshwater,Vallisneria spiralis,117,Dark,Photosynthesis,80000,2.6 (0.94 ± 0.08)
Freshwater,Vallisneria spiralis,96,Dark,Photosynthesis,80000,6.3 (1.9 ± 0.18)
Freshwater,Vallisneria spiralis,93,Dark,Photosynthesis,80000,9.4 (2.4 ± 0.55)
Freshwater,Vallisneria spiralis,66,Dark,Photosynthesis,80000,9.5 (2.4 ± 0.55)
Freshwater,Vallisneria spiralis,81,Dark,Chlorophyll,80000,11 (2.5 ± 0.68)
Freshwater,Vallisneria spiralis,115,Dark,Chlorophyll,80000,12 (2.5 ± 0.71)
Terrestrial,Acer saccharinum,1,Light,Photosynthesis,80000,13 (2.6 ± 0.93)
Terrestrial,Acer saccharinum,3,Light,Photosynthesis,80000,13 (2.6 ± 0.94)
Terrestrial,Acer saccharinum,2,Light,Photosynthesis,80000,13 (2.6 ± 0.94)
Terrestrial,Acer saccharinum,4,Light,Photosynthesis,80000,13 (2.6 ± 0.94)
Terrestrial,Acer truncatum,515,Light,Photosynthesis,80000,13 (2.6 ± 0.94)
Terrestrial,Amaranthus cruentus,329,Light,Photosynthesis,80000,13 (2.6 ± 0.93)
Terrestrial,Arabidopsis thaliana,249,Dark,Photosynthesis,80000,3.9 (1.5 ± 0.39)
Terrestrial,Arabidopsis thaliana,248,Dark,Chlorophyll,80000,2.6 (0.96 ± 0.082)
Terrestrial,Arabidopsis thaliana,340,Dark,Chlorophyll,80000,4.6 (1.6 ± 0.29)
Terrestrial,Avena sativa,56,Light,Chlorophyll,80000,11 (2.4 ± 0.76)
Terrestrial,Avena sativa,67,Light,Chlorophyll,80000,11 (2.4 ± 0.73)
Terrestrial,Avena sativa,55,Light,Chlorophyll,80000,11 (2.4 ± 0.74)
Terrestrial,Avena sativa,52,Light,Chlorophyll,80000,11 (2.5 ± 0.66)
Terrestrial,Avena sativa,57,Light,Chlorophyll,80000,11 (2.5 ± 0.67)
Terrestrial,Avena sativa,33,Dark,Chlorophyll,80000,3.3 (1.4 ± 0.64)
Terrestrial,Avena sativa,34,Dark,Chlorophyll,80000,3.4 (1.4 ± 0.65)
Terrestrial,Avena sativa,59,Dark,Chlorophyll,80000,3.7 (1.5 ± 0.54)
Terrestrial,Avena sativa,35,Dark,Chlorophyll,80000,3.9 (1.5 ± 0.55)
Terrestrial,Avena sativa,60,Dark,Chlorophyll,80000,3.9 (1.6 ± 0.66)
Terrestrial,Avena sativa,37,Dark,Chlorophyll,80000,4 (1.6 ± 0.56)
Terrestrial,Avena sativa,32,Dark,Chlorophyll,80000,4.2 (1.6 ± 0.66)
Terrestrial,Avena sativa,58,Dark,Chlorophyll,80000,4.2 (1.6 ± 0.57)
Terrestrial,Avena sativa,53,Dark,Chlorophyll,80000,4.4 (1.6 ± 0.48)
Terrestrial,Avena sativa,54,Dark,Chlorophyll,80000,4.5 (1.7 ± 0.49)
Terrestrial,Avena sativa,31,Dark,Chlorophyll,80000,4.9 (1.7 ± 0.65)
Terrestrial,Avena sativa,36,Dark,Chlorophyll,80000,5 (1.8 ± 0.59)
Terrestrial,Avena sativa,65,Dark,Chlorophyll,80000,5.2 (1.8 ± 0.65)
Terrestrial,Avena sativa,30,Dark,Chlorophyll,80000,5.3 (1.8 ± 0.64)
Terrestrial,Avena sativa,61,Dark,Chlorophyll,80000,5.4 (1.8 ± 0.7)
Terrestrial,Avena sativa,29,Dark,Chlorophyll,80000,5.5 (1.8 ± 0.64)
Terrestrial,Avena sativa,161,Dark,Chlorophyll,80000,5.7 (1.8 ± 0.4)
Terrestrial,Avena sativa,28,Dark,Chlorophyll,80000,5.8 (1.8 ± 0.63)
Terrestrial,Avena sativa,24,Dark,Chlorophyll,80000,5.8 (1.8 ± 0.65)
Terrestrial,Avena sativa,68,Dark,Chlorophyll,80000,5.8 (1.8 ± 0.68)
Terrestrial,Avena sativa,180,Dark,Chlorophyll,80000,5.9 (1.9 ± 0.63)
Terrestrial,Avena sativa,181,Dark,Chlorophyll,80000,6.5 (1.9 ± 0.6)
Terrestrial,Avena sativa,160,Dark,Chlorophyll,80000,6.5 (2 ± 0.51)
Terrestrial,Betula pendula,320,Light,Photosynthesis,80000,13 (2.6 ± 0.93)
Terrestrial,Bolboschoenus fluviatilis,177,Dark,Chlorophyll,80000,76 (4.4 ± 0.31)
Terrestrial,Brassica napus,275,Light,Chlorophyll,80000,18 (2.9 ± 0.92)
Terrestrial,Brassica napus,274,Light,Chlorophyll,80000,18 (2.9 ± 0.91)
Terrestrial,Brassica napus,289,Light,Chlorophyll,80000,18 (2.9 ± 0.91)
Terrestrial,Brassica napus,281,Light,Chlorophyll,80000,18 (2.9 ± 0.91)
Terrestrial,Brassica napus,286,Light,Chlorophyll,80000,18 (2.9 ± 0.9)
Terrestrial,Brassica napus,291,Light,Chlorophyll,80000,18 (2.9 ± 0.91)
Terrestrial,Brassica napus,270,Light,Chlorophyll,80000,18 (2.9 ± 0.9)
Terrestrial,Brassica napus,292,Light,Chlorophyll,80000,18 (2.9 ± 0.91)
Terrestrial,Brassica napus,287,Light,Chlorophyll,80000,18 (2.9 ± 0.91)
Terrestrial,Brassica napus,294,Light,Chlorophyll,80000,18 (2.9 ± 0.91)
Terrestrial,Brassica napus,290,Light,Chlorophyll,80000,18 (2.9 ± 0.91)
Terrestrial,Brassica napus,283,Light,Chlorophyll,80000,18 (2.9 ± 0.91)
Terrestrial,Brassica napus,280,Light,Chlorophyll,80000,18 (2.9 ± 0.91)
Terrestrial,Brassica napus,273,Light,Chlorophyll,80000,18 (2.9 ± 0.9)
Terrestrial,Brassica napus,272,Light,Chlorophyll,80000,18 (2.9 ± 0.91)
Terrestrial,Brassica napus,288,Light,Chlorophyll,80000,18 (2.9 ± 0.91)
Terrestrial,Brassica napus,276,Light,Chlorophyll,80000,18 (2.9 ± 0.91)
Terrestrial,Brassica napus,284,Light,Chlorophyll,80000,18 (2.9 ± 0.91)
Terrestrial,Brassica napus,285,Light,Chlorophyll,80000,18 (2.9 ± 0.91)
Terrestrial,Brassica napus,278,Light,Chlorophyll,80000,18 (2.9 ± 0.91)
Terrestrial,Brassica napus,293,Light,Chlorophyll,80000,18 (2.9 ± 0.9)
Terrestrial,Brassica napus,282,Light,Chlorophyll,80000,18 (2.9 ± 0.91)
Terrestrial,Brassica napus,271,Light,Chlorophyll,80000,18 (2.9 ± 0.91)
Terrestrial,Brassica napus,279,Light,Chlorophyll,80000,18 (2.9 ± 0.91)
Terrestrial,Brassica napus,277,Light,Chlorophyll,80000,18 (2.9 ± 0.91)
Terrestrial,Brassica oleracea,268,Dark,Chlorophyll,80000,5 (1.9 ± 0.63)
Terrestrial,Brassica oleracea,269,Dark,Chlorophyll,80000,8.8 (2.3 ± 0.74)
Terrestrial,Brassica oleracea,267,Dark,Chlorophyll,80000,9.3 (2.4 ± 0.54)
Terrestrial,Camellia sinensis,6,Light,Photosynthesis,80000,14 (2.7 ± 0.86)
Terrestrial,Camellia sinensis,5,Light,Photosynthesis,80000,15 (2.7 ± 0.82)
Terrestrial,Celosia argentea,330,Light,Photosynthesis,80000,13 (2.6 ± 0.93)
Terrestrial,Cercis canadensis,518,Light,Photosynthesis,80000,13 (2.6 ± 0.93)
Terrestrial,Cercis canadensis,519,Light,Photosynthesis,80000,13 (2.6 ± 0.93)
Terrestrial,Cercis canadensis,517,Light,Photosynthesis,80000,13 (2.6 ± 0.94)
Terrestrial,Cercis canadensis,516,Light,Photosynthesis,80000,13 (2.6 ± 0.93)
Terrestrial,Chenopodium berlandieri,244,Light,Photosynthesis,80000,13 (2.6 ± 0.94)
Terrestrial,Chenopodium berlandieri,245,Light,Photosynthesis,80000,13 (2.6 ± 0.93)
Terrestrial,Chrysanthemum × morifolium,242,Dark,Chlorophyll,80000,8.3 (2.2 ± 0.27)
Terrestrial,Chrysanthemum × morifolium,241,Dark,Chlorophyll,80000,9.3 (2.3 ± 0.37)
Terrestrial,Cinnamomum tamala,543,Dark,Chlorophyll,80000,9.8 (2.3 ± 0.045)
Terrestrial,Citrus × aurantium,50,Light,Chlorophyll,80000,20 (3.1 ± 0.75)
Terrestrial,Coriandrum sativum,243,Dark,Chlorophyll,80000,8.2 (2.3 ± 0.53)
Terrestrial,Cucumis sativus,12,Light,Chlorophyll,80000,18 (2.9 ± 0.86)
Terrestrial,Cucumis sativus,11,Light,Chlorophyll,80000,20 (3.1 ± 0.71)
Terrestrial,Cucumis sativus,13,Dark,Chlorophyll,80000,9.1 (2.3 ± 0.78)
Terrestrial,Fragaria × ananassa,545,Light,Photosynthesis,80000,13 (2.6 ± 0.94)
Terrestrial,Gomphrena serrata,328,Light,Photosynthesis,80000,13 (2.6 ± 0.94)
Terrestrial,Helianthus annuus,325,Light,Photosynthesis,80000,13 (2.6 ± 0.94)
Terrestrial,Helianthus tuberosus,324,Light,Photosynthesis,80000,13 (2.6 ± 0.94)
Terrestrial,Hordeum vulgare,253,Light,Photosynthesis,80000,10 (2.4 ± 0.61)
Terrestrial,Hordeum vulgare,265,Light,Photosynthesis,80000,12 (2.6 ± 0.54)
Terrestrial,Hordeum vulgare,251,Light,Chlorophyll,80000,3.8 (1.5 ± 0.53)
Terrestrial,Hordeum vulgare,214,Light,Chlorophyll,80000,4.9 (1.9 ± 0.67)
Terrestrial,Hordeum vulgare,263,Light,Chlorophyll,80000,13 (2.6 ± 0.63)
Terrestrial,Hordeum vulgare,237,Light,Chlorophyll,80000,13 (2.7 ± 0.63)
Terrestrial,Hordeum vulgare,138,Dark,Photosynthesis,80000,3.5 (1.4 ± 0.6)
Terrestrial,Hordeum vulgare,46,Dark,Photosynthesis,80000,5.4 (1.8 ± 0.42)
Terrestrial,Hordeum vulgare,48,Dark,Photosynthesis,80000,5.5 (1.8 ± 0.42)
Terrestrial,Hordeum vulgare,252,Dark,Photosynthesis,80000,8.1 (2.2 ± 0.46)
Terrestrial,Hordeum vulgare,266,Dark,Photosynthesis,80000,8.6 (2.2 ± 0.42)
Terrestrial,Hordeum vulgare,64,Dark,Chlorophyll,80000,2.5 (1 ± 0.44)
Terrestrial,Hordeum vulgare,250,Dark,Chlorophyll,80000,3.5 (1.3 ± 0.17)
Terrestrial,Hordeum vulgare,165,Dark,Chlorophyll,80000,4.2 (1.6 ± 0.74)
Terrestrial,Hordeum vulgare,137,Dark,Chlorophyll,80000,4.5 (1.7 ± 0.61)
Terrestrial,Hordeum vulgare,215,Dark,Chlorophyll,80000,4.9 (1.7 ± 0.45)
Terrestrial,Hordeum vulgare,9,Dark,Chlorophyll,80000,5.3 (1.8 ± 0.35)
Terrestrial,Hordeum vulgare,264,Dark,Chlorophyll,80000,5.4 (1.8 ± 0.4)
Terrestrial,Hordeum vulgare,217,Dark,Chlorophyll,80000,6.2 (1.9 ± 0.39)
Terrestrial,Hordeum vulgare,182,Dark,Chlorophyll,80000,6.7 (2 ± 0.64)
Terrestrial,Hordeum vulgare,49,Dark,Chlorophyll,80000,6.7 (2 ± 0.6)
Terrestrial,Hordeum vulgare,183,Dark,Chlorophyll,80000,7.1 (2 ± 0.63)
Terrestrial,Hordeum vulgare,47,Dark,Chlorophyll,80000,7.3 (2.1 ± 0.51)
Terrestrial,Hordeum vulgare,235,Dark,Chlorophyll,80000,7.5 (2.1 ± 0.51)
Terrestrial,Hordeum vulgare,236,Dark,Chlorophyll,80000,7.9 (2.2 ± 0.38)
Terrestrial,Inula racemosa,322,Light,Photosynthesis,80000,13 (2.6 ± 0.94)
Terrestrial,Ipomoea batatas,310,Dark,Photosynthesis,80000,8.5 (2.2 ± 0.76)
Terrestrial,Ipomoea batatas,309,Dark,Chlorophyll,80000,11 (2.4 ± 0.81)
Terrestrial,Juglans nigra,399,Light,Photosynthesis,80000,13 (2.6 ± 0.92)
Terrestrial,Koenigia weyrichii,323,Light,Photosynthesis,80000,13 (2.6 ± 0.93)
Terrestrial,Larix sibirica,319,Light,Photosynthesis,80000,13 (2.6 ± 0.93)
Terrestrial,Lathyrus oleraceus,339,Light,Photosynthesis,80000,17 (2.8 ± 0.85)
Terrestrial,Lathyrus oleraceus,167,Light,Chlorophyll,80000,29 (3.5 ± 0.61)
Terrestrial,Lolium multiflorum,132,Light,Photosynthesis,80000,11 (2.5 ± 0.84)
Terrestrial,Lolium multiflorum,134,Light,Photosynthesis,80000,12 (2.5 ± 0.92)
Terrestrial,Lolium multiflorum,133,Light,Chlorophyll,80000,13 (2.6 ± 0.94)
Terrestrial,Lolium pratense,152,Dark,Photosynthesis,80000,1.9 (0.62 ± 0.039)
Terrestrial,Lolium pratense,150,Dark,Photosynthesis,80000,3.6 (1.3 ± 0.15)
Terrestrial,Lolium pratense,149,Dark,Photosynthesis,80000,5.1 (1.7 ± 0.42)
Terrestrial,Lolium pratense,166,Dark,Chlorophyll,80000,4 (1.4 ± 0.25)
Terrestrial,Lolium pratense,164,Dark,Chlorophyll,80000,4.4 (1.5 ± 0.11)
Terrestrial,Lolium pratense,45,Dark,Chlorophyll,80000,4.4 (1.6 ± 0.45)
Terrestrial,Lolium pratense,186,Dark,Chlorophyll,80000,4.7 (1.6 ± 0.19)
Terrestrial,Lolium pratense,151,Dark,Chlorophyll,80000,5.7 (1.9 ± 0.53)
Terrestrial,Malus domestica,247,Light,Photosynthesis,80000,24 (3.2 ± 0.86)
Terrestrial,Malus domestica,246,Light,Photosynthesis,80000,24 (3.2 ± 0.86)
Terrestrial,Malus domestica,416,Light,Chlorophyll,80000,31 (3.6 ± 0.67)
Terrestrial,Malus domestica,415,Light,Chlorophyll,80000,37 (3.7 ± 0.64)
Terrestrial,Malus domestica,333,Dark,Photosynthesis,80000,22 (3.2 ± 0.47)
Terrestrial,Malus domestica,334,Dark,Chlorophyll,80000,21 (3.2 ± 0.57)
Terrestrial,Malus hupehensis,542,Dark,Chlorophyll,80000,20 (3.1 ± 0.52)
Terrestrial,Nasturtium officinale,222,Dark,Chlorophyll,80000,2 (0.77 ± 0.36)
Terrestrial,Nasturtium officinale,221,Dark,Chlorophyll,80000,2.6 (0.97 ± 0.086)
Terrestrial,Nasturtium officinale,218,Dark,Chlorophyll,80000,2.9 (1.1 ± 0.34)
Terrestrial,Nephrolepis exaltata,105,Light,Photosynthesis,80000,19 (3.1 ± 0.72)
Terrestrial,Nephrolepis exaltata,103,Light,Chlorophyll,80000,25 (3.3 ± 0.77)
Terrestrial,Nephrolepis exaltata,106,Dark,Photosynthesis,80000,11 (2.6 ± 0.6)
Terrestrial,Nephrolepis exaltata,104,Dark,Chlorophyll,80000,14 (2.8 ± 0.66)
Terrestrial,Nicotiana rustica,62,Dark,Photosynthesis,80000,9.5 (2.4 ± 0.36)
Terrestrial,Nicotiana rustica,63,Dark,Chlorophyll,80000,11 (2.6 ± 0.49)
Terrestrial,Nicotiana tabacum,531,Light,Photosynthesis,80000,19 (3 ± 0.68)
Terrestrial,Nicotiana tabacum,530,Light,Chlorophyll,80000,23 (3.2 ± 0.75)
Terrestrial,Oryza sativa,173,Light,Photosynthesis,80000,9.9 (2.4 ± 0.63)
Terrestrial,Oryza sativa,206,Light,Photosynthesis,80000,10 (2.3 ± 0.77)
Terrestrial,Oryza sativa,27,Light,Chlorophyll,80000,2.5 (0.92 ± 0.075)
Terrestrial,Oryza sativa,302,Light,Chlorophyll,80000,13 (2.7 ± 0.57)
Terrestrial,Oryza sativa,203,Light,Chlorophyll,80000,14 (2.6 ± 0.77)
Terrestrial,Oryza sativa,112,Light,Chlorophyll,80000,14 (2.6 ± 0.74)
Terrestrial,Oryza sativa,194,Light,Chlorophyll,80000,14 (2.6 ± 0.75)
Terrestrial,Oryza sativa,204,Light,Chlorophyll,80000,14 (2.6 ± 0.77)
Terrestrial,Oryza sativa,198,Light,Chlorophyll,80000,14 (2.6 ± 0.76)
Terrestrial,Oryza sativa,193,Light,Chlorophyll,80000,14 (2.6 ± 0.75)
Terrestrial,Oryza sativa,195,Light,Chlorophyll,80000,14 (2.6 ± 0.75)
Terrestrial,Oryza sativa,196,Light,Chlorophyll,80000,14 (2.6 ± 0.75)
Terrestrial,Oryza sativa,199,Light,Chlorophyll,80000,14 (2.6 ± 0.75)
Terrestrial,Oryza sativa,201,Light,Chlorophyll,80000,14 (2.7 ± 0.74)
Terrestrial,Oryza sativa,200,Light,Chlorophyll,80000,14 (2.7 ± 0.75)
Terrestrial,Oryza sativa,43,Light,Chlorophyll,80000,15 (2.7 ± 0.66)
Terrestrial,Oryza sativa,25,Light,Chlorophyll,80000,16 (2.8 ± 0.6)
Terrestrial,Oryza sativa,205,Dark,Photosynthesis,80000,5 (1.7 ± 0.71)
Terrestrial,Oryza sativa,155,Dark,Photosynthesis,80000,5.6 (1.7 ± 0.77)
Terrestrial,Oryza sativa,153,Dark,Photosynthesis,80000,5.6 (1.7 ± 0.76)
Terrestrial,Oryza sativa,154,Dark,Photosynthesis,80000,5.6 (1.7 ± 0.76)
Terrestrial,Oryza sativa,174,Dark,Photosynthesis,80000,6.3 (2 ± 0.44)
Terrestrial,Oryza sativa,78,Dark,Chlorophyll,80000,3.5 (1.3 ± 0.35)
Terrestrial,Oryza sativa,75,Dark,Chlorophyll,80000,4.4 (1.7 ± 0.53)
Terrestrial,Oryza sativa,544,Dark,Chlorophyll,80000,4.7 (1.7 ± 0.78)
Terrestrial,Oryza sativa,26,Dark,Chlorophyll,80000,5.4 (1.7 ± 0.22)
Terrestrial,Oryza sativa,79,Dark,Chlorophyll,80000,6.5 (2 ± 0.59)
Terrestrial,Oryza sativa,69,Dark,Chlorophyll,80000,6.6 (2 ± 0.6)
Terrestrial,Oryza sativa,72,Dark,Chlorophyll,80000,6.8 (2 ± 0.59)
Terrestrial,Oryza sativa,191,Dark,Chlorophyll,80000,6.8 (1.9 ± 0.76)
Terrestrial,Oryza sativa,202,Dark,Chlorophyll,80000,7.2 (2 ± 0.74)
Terrestrial,Oryza sativa,113,Dark,Chlorophyll,80000,7.2 (2 ± 0.68)
Terrestrial,Oryza sativa,73,Dark,Chlorophyll,80000,7.3 (2.1 ± 0.59)
Terrestrial,Oryza sativa,192,Dark,Chlorophyll,80000,7.4 (2 ± 0.71)
Terrestrial,Oryza sativa,197,Dark,Chlorophyll,80000,7.7 (2.1 ± 0.7)
Terrestrial,Oryza sativa,190,Dark,Chlorophyll,80000,7.8 (2.1 ± 0.69)
Terrestrial,Oryza sativa,70,Dark,Chlorophyll,80000,7.8 (2.2 ± 0.59)
Terrestrial,Oryza sativa,76,Dark,Chlorophyll,80000,7.9 (2.2 ± 0.59)
Terrestrial,Oryza sativa,189,Dark,Chlorophyll,80000,8.1 (2.2 ± 0.64)
Terrestrial,Oryza sativa,188,Dark,Chlorophyll,80000,8.3 (2.2 ± 0.64)
Terrestrial,Oryza sativa,187,Dark,Chlorophyll,80000,8.3 (2.2 ± 0.63)
Terrestrial,Oryza sativa,84,Dark,Chlorophyll,80000,8.4 (2.2 ± 0.59)
Terrestrial,Oryza sativa,80,Dark,Chlorophyll,80000,8.6 (2.2 ± 0.57)
Terrestrial,Oryza sativa,74,Dark,Chlorophyll,80000,8.6 (2.2 ± 0.57)
Terrestrial,Oryza sativa,71,Dark,Chlorophyll,80000,8.9 (2.3 ± 0.57)
Terrestrial,Oryza sativa,44,Dark,Chlorophyll,80000,9.1 (2.3 ± 0.53)
Terrestrial,Oryza sativa,77,Dark,Chlorophyll,80000,9.2 (2.3 ± 0.56)
Terrestrial,Oryza sativa,370,Dark,Chlorophyll,80000,11 (2.4 ± 0.044)
Terrestrial,Panicum miliaceum,170,Dark,Chlorophyll,80000,2.9 (1.1 ± 0.22)
Terrestrial,Panicum miliaceum,216,Dark,Chlorophyll,80000,3.3 (1.2 ± 0.2)
Terrestrial,Petroselinum crispum,219,Dark,Chlorophyll,80000,10 (2.5 ± 0.72)
Terrestrial,Phaseolus vulgaris,10,Light,Photosynthesis,80000,13 (2.6 ± 0.91)
Terrestrial,Pinus sibirica,317,Light,Photosynthesis,80000,13 (2.6 ± 0.93)
Terrestrial,Pinus sylvestris,318,Light,Photosynthesis,80000,13 (2.6 ± 0.94)
Terrestrial,Quercus alba,401,Light,Photosynthesis,80000,13 (2.6 ± 0.94)
Terrestrial,Quercus muehlenbergii,520,Light,Photosynthesis,80000,13 (2.6 ± 0.93)
Terrestrial,Quercus robur,521,Light,Photosynthesis,80000,13 (2.6 ± 0.93)
Terrestrial,Quercus robur,321,Light,Photosynthesis,80000,13 (2.6 ± 0.94)
Terrestrial,Quercus rubra,400,Light,Photosynthesis,80000,13 (2.6 ± 0.93)
Terrestrial,Raphanus raphanistrum,19,Light,Photosynthesis,80000,14 (2.7 ± 0.83)
Terrestrial,Raphanus raphanistrum,18,Light,Photosynthesis,80000,15 (2.8 ± 0.78)
Terrestrial,Raphanus raphanistrum,23,Light,Chlorophyll,80000,19 (3 ± 0.84)
Terrestrial,Raphanus raphanistrum,22,Light,Chlorophyll,80000,19 (3 ± 0.82)
Terrestrial,Salvia officinalis,220,Dark,Chlorophyll,80000,15 (2.8 ± 0.6)
Terrestrial,Secale cereale,213,Light,Photosynthesis,80000,14 (2.7 ± 0.74)
Terrestrial,Secale cereale,211,Light,Photosynthesis,80000,14 (2.7 ± 0.74)
Terrestrial,Secale cereale,123,Light,Chlorophyll,80000,15 (2.7 ± 0.9)
Terrestrial,Secale cereale,212,Light,Chlorophyll,80000,17 (2.9 ± 0.82)
Terrestrial,Secale cereale,208,Light,Chlorophyll,80000,17 (2.9 ± 0.81)
Terrestrial,Secale cereale,209,Light,Chlorophyll,80000,18 (2.9 ± 0.8)
Terrestrial,Secale cereale,210,Dark,Photosynthesis,80000,8.6 (2.3 ± 0.62)
Terrestrial,Secale cereale,124,Dark,Chlorophyll,80000,4.5 (1.8 ± 0.77)
Terrestrial,Secale cereale,207,Dark,Chlorophyll,80000,9.3 (2.3 ± 0.72)
Terrestrial,Sicyos edulis,168,Dark,Photosynthesis,80000,7.6 (2.1 ± 0.2)
Terrestrial,Sicyos edulis,169,Dark,Chlorophyll,80000,9 (2.3 ± 0.42)
Terrestrial,Sinapis alba,16,Light,Photosynthesis,80000,15 (2.8 ± 0.8)
Terrestrial,Sinapis alba,17,Light,Photosynthesis,80000,16 (2.8 ± 0.77)
Terrestrial,Sinapis alba,20,Light,Chlorophyll,80000,20 (3 ± 0.83)
Terrestrial,Sinapis alba,21,Light,Chlorophyll,80000,20 (3 ± 0.82)
Terrestrial,Smallanthus connatus,326,Light,Photosynthesis,80000,13 (2.6 ± 0.94)
Terrestrial,Solanum lycopersicum,305,Light,Photosynthesis,80000,4.1 (1.8 ± 0.77)
Terrestrial,Solanum lycopersicum,304,Light,Photosynthesis,80000,9.9 (2.4 ± 0.77)
Terrestrial,Solanum lycopersicum,303,Light,Photosynthesis,80000,10 (2.4 ± 0.76)
Terrestrial,Solanum lycopersicum,308,Light,Photosynthesis,80000,12 (2.6 ± 0.71)
Terrestrial,Solanum lycopersicum,306,Light,Photosynthesis,80000,12 (2.6 ± 0.7)
Terrestrial,Solanum lycopersicum,307,Light,Photosynthesis,80000,13 (2.6 ± 0.69)
Terrestrial,Solanum melongena,131,Light,Photosynthesis,80000,17 (3 ± 0.56)
Terrestrial,Solanum tuberosum,327,Light,Photosynthesis,80000,13 (2.6 ± 0.93)
Terrestrial,Spinacia oleracea,120,Dark,Photosynthesis,80000,2.5 (0.93 ± 0.078)
Terrestrial,Spinacia oleracea,185,Dark,Chlorophyll,80000,5.3 (1.9 ± 0.54)
Terrestrial,Spinacia oleracea,175,Dark,Chlorophyll,80000,8.7 (2.3 ± 0.49)
Terrestrial,Spinacia oleracea,184,Dark,Chlorophyll,80000,10 (2.4 ± 0.41)
Terrestrial,Trifolium subterraneum,40,Light,Photosynthesis,80000,9 (2.4 ± 0.81)
Terrestrial,Trifolium subterraneum,39,Light,Photosynthesis,80000,11 (2.5 ± 0.85)
Terrestrial,Trifolium subterraneum,38,Light,Photosynthesis,80000,11 (2.5 ± 0.86)
Terrestrial,Trifolium subterraneum,41,Light,Photosynthesis,80000,12 (2.6 ± 0.76)
Terrestrial,Trifolium subterraneum,86,Light,Chlorophyll,80000,17 (2.9 ± 0.8)
Terrestrial,Triticum aestivum,297,Light,Photosynthesis,80000,1.2 (0.2 ± 0.032)
Terrestrial,Triticum aestivum,98,Light,Photosynthesis,80000,5.6 (1.8 ± 0.68)
Terrestrial,Triticum aestivum,100,Light,Photosynthesis,80000,5.8 (1.8 ± 0.67)
Terrestrial,Triticum aestivum,300,Light,Photosynthesis,80000,8.3 (2.2 ± 0.46)
Terrestrial,Triticum aestivum,295,Light,Chlorophyll,80000,3.7 (1.3 ± 0.1)
Terrestrial,Triticum aestivum,335,Light,Chlorophyll,80000,4.7 (1.6 ± 0.17)
Terrestrial,Triticum aestivum,342,Light,Chlorophyll,80000,7.2 (2 ± 0.67)
Terrestrial,Triticum aestivum,42,Light,Chlorophyll,80000,7.3 (2.1 ± 0.62)
Terrestrial,Triticum aestivum,162,Light,Chlorophyll,80000,7.5 (2.1 ± 0.68)
Terrestrial,Triticum aestivum,345,Light,Chlorophyll,80000,7.6 (2.1 ± 0.65)
Terrestrial,Triticum aestivum,7,Light,Chlorophyll,80000,7.6 (2.1 ± 0.59)
Terrestrial,Triticum aestivum,121,Light,Chlorophyll,80000,7.8 (2.1 ± 0.59)
Terrestrial,Triticum aestivum,341,Light,Chlorophyll,80000,7.8 (2.1 ± 0.64)
Terrestrial,Triticum aestivum,344,Light,Chlorophyll,80000,7.8 (2.1 ± 0.64)
Terrestrial,Triticum aestivum,343,Light,Chlorophyll,80000,7.8 (2.1 ± 0.64)
Terrestrial,Triticum aestivum,347,Light,Chlorophyll,80000,7.8 (2.1 ± 0.64)
Terrestrial,Triticum aestivum,348,Light,Chlorophyll,80000,8 (2.1 ± 0.63)
Terrestrial,Triticum aestivum,346,Light,Chlorophyll,80000,8.1 (2.1 ± 0.63)
Terrestrial,Triticum aestivum,337,Light,Chlorophyll,80000,9.3 (2.3 ± 0.5)
Terrestrial,Triticum aestivum,301,Light,Chlorophyll,80000,12 (2.5 ± 0.4)
Terrestrial,Triticum aestivum,144,Dark,Photosynthesis,80000,1.2 (0.15 ± 0.11)
Terrestrial,Triticum aestivum,298,Dark,Photosynthesis,80000,1.2 (0.15 ± 0.031)
Terrestrial,Triticum aestivum,143,Dark,Photosynthesis,80000,1.6 (0.65 ± 0.5)
Terrestrial,Triticum aestivum,148,Dark,Photosynthesis,80000,1.9 (0.64 ± 0.13)
Terrestrial,Triticum aestivum,146,Dark,Photosynthesis,80000,2 (0.71 ± 0.22)
Terrestrial,Triticum aestivum,145,Dark,Photosynthesis,80000,2.2 (0.86 ± 0.33)
Terrestrial,Triticum aestivum,147,Dark,Photosynthesis,80000,2.3 (0.9 ± 0.31)
Terrestrial,Triticum aestivum,99,Dark,Photosynthesis,80000,3.5 (1.3 ± 0.56)
Terrestrial,Triticum aestivum,101,Dark,Photosynthesis,80000,3.6 (1.3 ± 0.56)
Terrestrial,Triticum aestivum,240,Dark,Photosynthesis,80000,4 (1.5 ± 0.4)
Terrestrial,Triticum aestivum,299,Dark,Photosynthesis,80000,4.7 (1.6 ± 0.21)
Terrestrial,Triticum aestivum,239,Dark,Photosynthesis,80000,5.3 (1.7 ± 0.43)
Terrestrial,Triticum aestivum,142,Dark,Chlorophyll,80000,1.5 (0.42 ± 0.092)
Terrestrial,Triticum aestivum,141,Dark,Chlorophyll,80000,2.9 (1.2 ± 0.34)
Terrestrial,Triticum aestivum,238,Dark,Chlorophyll,80000,3.7 (1.4 ± 0.43)
Terrestrial,Triticum aestivum,122,Dark,Chlorophyll,80000,3.7 (1.4 ± 0.31)
Terrestrial,Triticum aestivum,163,Dark,Chlorophyll,80000,3.8 (1.5 ± 0.56)
Terrestrial,Triticum aestivum,315,Dark,Chlorophyll,80000,4 (1.4 ± 0.64)
Terrestrial,Triticum aestivum,296,Dark,Chlorophyll,80000,4.2 (1.4 ± 0.16)
Terrestrial,Triticum aestivum,83,Dark,Chlorophyll,80000,4.2 (1.5 ± 0.62)
Terrestrial,Triticum aestivum,336,Dark,Chlorophyll,80000,5.3 (1.7 ± 0.23)
Terrestrial,Triticum turgidum,8,Light,Chlorophyll,80000,17 (2.9 ± 0.86)
Terrestrial,Triticum vulgare,171,Light,Photosynthesis,80000,13 (2.6 ± 0.75)
Terrestrial,Triticum vulgare,172,Dark,Photosynthesis,80000,6.1 (2 ± 0.57)
Terrestrial,Tropaeolum majus,139,Light,Chlorophyll,80000,21 (3.1 ± 0.79)
Terrestrial,Tropaeolum majus,311,Dark,Chlorophyll,80000,10 (2.5 ± 0.72)
Terrestrial,Tropaeolum majus,140,Dark,Chlorophyll,80000,11 (2.6 ± 0.65)
Terrestrial,Typha angustifolia,176,Dark,Chlorophyll,80000,92 (4.6 ± 0.34)
Terrestrial,Vigna unguiculata,227,Dark,Photosynthesis,80000,1.6 (0.5 ± 0.062)
Terrestrial,Vigna unguiculata,225,Dark,Photosynthesis,80000,3.9 (1.6 ± 0.57)
Terrestrial,Vigna unguiculata,230,Dark,Photosynthesis,80000,4 (1.6 ± 0.55)
Terrestrial,Vigna unguiculata,232,Dark,Photosynthesis,80000,4.9 (1.7 ± 0.57)
Terrestrial,Vigna unguiculata,228,Dark,Photosynthesis,80000,5.2 (1.8 ± 0.59)
Terrestrial,Vigna unguiculata,226,Dark,Photosynthesis,80000,5.9 (1.9 ± 0.58)
Terrestrial,Vigna unguiculata,229,Dark,Photosynthesis,80000,6.1 (1.9 ± 0.57)
Terrestrial,Vigna unguiculata,231,Dark,Photosynthesis,80000,6.7 (2 ± 0.55)
Terrestrial,Vigna unguiculata,224,Dark,Chlorophyll,80000,5.6 (1.9 ± 0.69)
Terrestrial,Vigna unguiculata,223,Dark,Chlorophyll,80000,7.4 (2.1 ± 0.65)
Terrestrial,Vitis vinifera,525,Light,Photosynthesis,80000,13 (2.6 ± 0.94)
Terrestrial,Vitis vinifera,524,Light,Photosynthesis,80000,13 (2.6 ± 0.94)
Terrestrial,Vitis vinifera,523,Light,Photosynthesis,80000,13 (2.6 ± 0.94)
Terrestrial,Vitis vinifera,522,Light,Photosynthesis,80000,13 (2.6 ± 0.93)
Terrestrial,Vitis vinifera,526,Light,Photosynthesis,80000,13 (2.6 ± 0.93)
Terrestrial,Zea mays,332,Light,Photosynthesis,80000,13 (2.6 ± 0.94)
Terrestrial,Zea mays,331,Light,Chlorophyll,80000,18 (2.9 ± 0.88)
Terrestrial,Zea mays,234,Light,Chlorophyll,80000,19 (2.9 ± 0.88)
Terrestrial,Zea mays,85,Dark,Chlorophyll,80000,11 (2.5 ± 0.72)
