Group,Species,Light,Response,n,mu
Seaweed,Desmarestia anceps,Light,Chlorophyll,80000,154 (5 ± 0.9)
Seaweed,Durvillaea antarctica,Light,Photosynthesis,80000,59 (4.1 ± 0.87)
Seaweed,Durvillaea antarctica,Light,Chlorophyll,80000,95 (4.6 ± 0.9)
Seaweed,Ecklonia radiata,Light,Photosynthesis,80000,32 (3.5 ± 0.78)
Seaweed,Ecklonia radiata,Dark,Photosynthesis,80000,15 (2.7 ± 0.87)
Seaweed,Laminaria digitata,Light,Photosynthesis,80000,68 (4.2 ± 0.86)
Seaweed,Laminaria digitata,Light,Chlorophyll,80000,109 (4.7 ± 0.88)
Seaweed,Laminaria hyperborea,Light,Photosynthesis,80000,62 (4.1 ± 0.73)
Seaweed,Laminaria hyperborea,Light,Chlorophyll,80000,99 (4.6 ± 0.79)
Seaweed,Laminaria ochroleuca,Light,Photosynthesis,80000,68 (4.2 ± 0.74)
Seaweed,Laminaria ochroleuca,Light,Chlorophyll,80000,108 (4.7 ± 0.79)
Seaweed,Macrocystis pyrifera,Light,Photosynthesis,80000,60 (4.1 ± 0.84)
Seaweed,Macrocystis pyrifera,Light,Chlorophyll,80000,96 (4.6 ± 0.86)
Seaweed,Saccharina latissima,Light,Photosynthesis,80000,60 (4.1 ± 0.9)
Seaweed,Saccharina latissima,Light,Chlorophyll,80000,96 (4.6 ± 0.91)
Seaweed,Saccorhiza polyschides,Light,Chlorophyll,80000,87 (4.5 ± 0.92)
Seaweed,Sargassum fallax,Light,Photosynthesis,80000,30 (3.4 ± 0.82)
Seaweed,Sargassum spinuligerum,Light,Photosynthesis,80000,64 (4.2 ± 0.86)
Seaweed,Sargassum spinuligerum,Light,Chlorophyll,80000,102 (4.6 ± 0.89)
Seaweed,Scytothalia dorycarpa,Light,Photosynthesis,80000,45 (3.8 ± 0.95)
Seaweed,Ulva clathrata,Light,Chlorophyll,80000,85 (4.4 ± 0.94)
Seaweed,Ulva intestinalis,Light,Chlorophyll,80000,84 (4.4 ± 0.94)
Seaweed,Ulva reticulata,Light,Chlorophyll,80000,85 (4.4 ± 0.94)
Seagrass,Amphibolis antarctica,Light,Photosynthesis,80000,14 (2.6 ± 0.88)
Seagrass,Halophila ovalis,Light,Photosynthesis,80000,27 (3.3 ± 0.91)
Seagrass,Thalassia testudinum,Light,Chlorophyll,80000,26 (3.2 ± 0.87)
Seagrass,Zostera marina,Light,Chlorophyll,80000,26 (3.3 ± 0.87)
Seagrass,Zostera muelleri,Light,Chlorophyll,80000,25 (3.2 ± 0.86)
Seagrass,Zostera muelleri,Dark,Chlorophyll,80000,16 (2.8 ± 0.86)
Freshwater,Elodea densa,Light,Chlorophyll,80000,18 (2.9 ± 0.89)
Freshwater,Elodea densa,Dark,Chlorophyll,80000,15 (2.7 ± 0.86)
Freshwater,Hydrilla verticillata,Light,Chlorophyll,80000,14 (2.6 ± 0.79)
Freshwater,Hydrilla verticillata,Dark,Photosynthesis,80000,7.7 (2 ± 0.78)
Freshwater,Hydrilla verticillata,Dark,Chlorophyll,80000,12 (2.5 ± 0.78)
Freshwater,Potamogeton sp.,Dark,Chlorophyll,80000,25 (3.2 ± 0.88)
Freshwater,Stuckenia pectinata,Dark,Photosynthesis,80000,7.1 (2 ± 0.8)
Freshwater,Stuckenia pectinata,Dark,Chlorophyll,80000,11 (2.4 ± 0.82)
Freshwater,Vallisneria americana,Dark,Chlorophyll,80000,25 (3.2 ± 0.88)
Freshwater,Vallisneria spiralis,Dark,Photosynthesis,80000,7.8 (2.1 ± 0.79)
Freshwater,Vallisneria spiralis,Dark,Chlorophyll,80000,12 (2.5 ± 0.81)
Terrestrial,Acer saccharinum,Light,Photosynthesis,80000,13 (2.6 ± 0.93)
Terrestrial,Acer truncatum,Light,Photosynthesis,80000,13 (2.6 ± 0.94)
Terrestrial,Amaranthus cruentus,Light,Photosynthesis,80000,13 (2.6 ± 0.93)
Terrestrial,Arabidopsis thaliana,Dark,Photosynthesis,80000,4.3 (1.5 ± 0.81)
Terrestrial,Arabidopsis thaliana,Dark,Chlorophyll,80000,5.8 (1.8 ± 0.8)
Terrestrial,Avena sativa,Light,Chlorophyll,80000,11 (2.4 ± 0.78)
Terrestrial,Avena sativa,Dark,Chlorophyll,80000,5.8 (1.8 ± 0.76)
Terrestrial,Betula pendula,Light,Photosynthesis,80000,13 (2.6 ± 0.94)
Terrestrial,Bolboschoenus fluviatilis,Dark,Chlorophyll,80000,20 (3 ± 0.9)
Terrestrial,Brassica napus,Light,Chlorophyll,80000,18 (2.9 ± 0.91)
Terrestrial,Brassica oleracea,Dark,Chlorophyll,80000,8.9 (2.2 ± 0.85)
Terrestrial,Camellia sinensis,Light,Photosynthesis,80000,14 (2.7 ± 0.91)
Terrestrial,Celosia argentea,Light,Photosynthesis,80000,13 (2.6 ± 0.93)
Terrestrial,Cercis canadensis,Light,Photosynthesis,80000,13 (2.6 ± 0.93)
Terrestrial,Chenopodium berlandieri,Light,Photosynthesis,80000,13 (2.6 ± 0.94)
Terrestrial,Chrysanthemum × morifolium,Dark,Chlorophyll,80000,9.4 (2.2 ± 0.82)
Terrestrial,Cinnamomum tamala,Dark,Chlorophyll,80000,9.6 (2.3 ± 0.84)
Terrestrial,Citrus × aurantium,Light,Chlorophyll,80000,19 (2.9 ± 0.9)
Terrestrial,Coriandrum sativum,Dark,Chlorophyll,80000,9.6 (2.3 ± 0.87)
Terrestrial,Cucumis sativus,Light,Chlorophyll,80000,19 (3 ± 0.89)
Terrestrial,Cucumis sativus,Dark,Chlorophyll,80000,10 (2.3 ± 0.88)
Terrestrial,Fragaria × ananassa,Light,Photosynthesis,80000,13 (2.6 ± 0.93)
Terrestrial,Gomphrena serrata,Light,Photosynthesis,80000,13 (2.6 ± 0.93)
Terrestrial,Helianthus annuus,Light,Photosynthesis,80000,13 (2.6 ± 0.94)
Terrestrial,Helianthus tuberosus,Light,Photosynthesis,80000,13 (2.6 ± 0.93)
Terrestrial,Hordeum vulgare,Light,Photosynthesis,80000,9.2 (2.2 ± 0.77)
Terrestrial,Hordeum vulgare,Light,Chlorophyll,80000,12 (2.5 ± 0.76)
Terrestrial,Hordeum vulgare,Dark,Photosynthesis,80000,5 (1.6 ± 0.75)
Terrestrial,Hordeum vulgare,Dark,Chlorophyll,80000,6.6 (1.9 ± 0.75)
Terrestrial,Inula racemosa,Light,Photosynthesis,80000,13 (2.6 ± 0.94)
Terrestrial,Ipomoea batatas,Dark,Photosynthesis,80000,7.9 (2.1 ± 0.9)
Terrestrial,Ipomoea batatas,Dark,Chlorophyll,80000,11 (2.4 ± 0.9)
Terrestrial,Juglans nigra,Light,Photosynthesis,80000,13 (2.6 ± 0.93)
Terrestrial,Koenigia weyrichii,Light,Photosynthesis,80000,13 (2.6 ± 0.93)
Terrestrial,Larix sibirica,Light,Photosynthesis,80000,13 (2.6 ± 0.94)
Terrestrial,Lathyrus oleraceus,Light,Photosynthesis,80000,16 (2.8 ± 0.89)
Terrestrial,Lathyrus oleraceus,Light,Chlorophyll,80000,22 (3.1 ± 0.88)
Terrestrial,Lolium multiflorum,Light,Photosynthesis,80000,12 (2.5 ± 0.92)
Terrestrial,Lolium multiflorum,Light,Chlorophyll,80000,16 (2.8 ± 0.92)
Terrestrial,Lolium pratense,Dark,Photosynthesis,80000,4.1 (1.4 ± 0.77)
Terrestrial,Lolium pratense,Dark,Chlorophyll,80000,5.5 (1.7 ± 0.77)
Terrestrial,Malus domestica,Light,Photosynthesis,80000,24 (3.2 ± 0.86)
Terrestrial,Malus domestica,Light,Chlorophyll,80000,33 (3.5 ± 0.85)
Terrestrial,Malus domestica,Dark,Photosynthesis,80000,13 (2.6 ± 0.85)
Terrestrial,Malus domestica,Dark,Chlorophyll,80000,18 (2.9 ± 0.85)
Terrestrial,Malus hupehensis,Dark,Chlorophyll,80000,13 (2.6 ± 0.88)
Terrestrial,Nasturtium officinale,Dark,Chlorophyll,80000,4.3 (1.5 ± 0.81)
Terrestrial,Nephrolepis exaltata,Light,Photosynthesis,80000,18 (2.9 ± 0.87)
Terrestrial,Nephrolepis exaltata,Light,Chlorophyll,80000,24 (3.2 ± 0.86)
Terrestrial,Nephrolepis exaltata,Dark,Photosynthesis,80000,9.8 (2.3 ± 0.86)
Terrestrial,Nephrolepis exaltata,Dark,Chlorophyll,80000,13 (2.6 ± 0.85)
Terrestrial,Nicotiana rustica,Dark,Photosynthesis,80000,8.5 (2.1 ± 0.84)
Terrestrial,Nicotiana rustica,Dark,Chlorophyll,80000,11 (2.4 ± 0.83)
Terrestrial,Nicotiana tabacum,Light,Photosynthesis,80000,16 (2.8 ± 0.89)
Terrestrial,Nicotiana tabacum,Light,Chlorophyll,80000,21 (3.1 ± 0.88)
Terrestrial,Oryza sativa,Light,Photosynthesis,80000,10 (2.4 ± 0.77)
Terrestrial,Oryza sativa,Light,Chlorophyll,80000,14 (2.6 ± 0.76)
Terrestrial,Oryza sativa,Dark,Photosynthesis,80000,5.7 (1.7 ± 0.76)
Terrestrial,Oryza sativa,Dark,Chlorophyll,80000,7.5 (2 ± 0.75)
Terrestrial,Panicum miliaceum,Dark,Chlorophyll,80000,5.4 (1.7 ± 0.82)
Terrestrial,Petroselinum crispum,Dark,Chlorophyll,80000,10 (2.3 ± 0.89)
Terrestrial,Phaseolus vulgaris,Light,Photosynthesis,80000,13 (2.6 ± 0.93)
Terrestrial,Pinus sibirica,Light,Photosynthesis,80000,13 (2.6 ± 0.93)
Terrestrial,Pinus sylvestris,Light,Photosynthesis,80000,13 (2.6 ± 0.94)
Terrestrial,Quercus alba,Light,Photosynthesis,80000,13 (2.6 ± 0.94)
Terrestrial,Quercus muehlenbergii,Light,Photosynthesis,80000,13 (2.6 ± 0.93)
Terrestrial,Quercus robur,Light,Photosynthesis,80000,13 (2.6 ± 0.93)
Terrestrial,Quercus rubra,Light,Photosynthesis,80000,13 (2.6 ± 0.94)
Terrestrial,Raphanus raphanistrum,Light,Photosynthesis,80000,14 (2.7 ± 0.89)
Terrestrial,Raphanus raphanistrum,Light,Chlorophyll,80000,19 (3 ± 0.89)
Terrestrial,Salvia officinalis,Dark,Chlorophyll,80000,12 (2.5 ± 0.89)
Terrestrial,Secale cereale,Light,Photosynthesis,80000,13 (2.6 ± 0.86)
Terrestrial,Secale cereale,Light,Chlorophyll,80000,18 (2.9 ± 0.85)
Terrestrial,Secale cereale,Dark,Photosynthesis,80000,7.2 (2 ± 0.85)
Terrestrial,Secale cereale,Dark,Chlorophyll,80000,9.5 (2.3 ± 0.85)
Terrestrial,Sicyos edulis,Dark,Photosynthesis,80000,7.4 (2 ± 0.82)
Terrestrial,Sicyos edulis,Dark,Chlorophyll,80000,9.9 (2.3 ± 0.82)
Terrestrial,Sinapis alba,Light,Photosynthesis,80000,15 (2.7 ± 0.89)
Terrestrial,Sinapis alba,Light,Chlorophyll,80000,20 (3 ± 0.89)
Terrestrial,Smallanthus connatus,Light,Photosynthesis,80000,13 (2.6 ± 0.93)
Terrestrial,Solanum lycopersicum,Light,Photosynthesis,80000,11 (2.4 ± 0.85)
Terrestrial,Solanum melongena,Light,Photosynthesis,80000,15 (2.7 ± 0.88)
Terrestrial,Solanum tuberosum,Light,Photosynthesis,80000,13 (2.6 ± 0.93)
Terrestrial,Spinacia oleracea,Dark,Photosynthesis,80000,5.8 (1.8 ± 0.8)
Terrestrial,Spinacia oleracea,Dark,Chlorophyll,80000,7.7 (2 ± 0.79)
Terrestrial,Trifolium subterraneum,Light,Photosynthesis,80000,12 (2.5 ± 0.88)
Terrestrial,Trifolium subterraneum,Light,Chlorophyll,80000,16 (2.8 ± 0.88)
Terrestrial,Triticum aestivum,Light,Photosynthesis,80000,5.5 (1.7 ± 0.75)
Terrestrial,Triticum aestivum,Light,Chlorophyll,80000,7.3 (2 ± 0.75)
Terrestrial,Triticum aestivum,Dark,Photosynthesis,80000,3 (1.1 ± 0.74)
Terrestrial,Triticum aestivum,Dark,Chlorophyll,80000,4 (1.4 ± 0.74)
Terrestrial,Triticum turgidum,Light,Chlorophyll,80000,18 (2.9 ± 0.92)
Terrestrial,Triticum vulgare,Light,Photosynthesis,80000,13 (2.6 ± 0.88)
Terrestrial,Triticum vulgare,Dark,Photosynthesis,80000,7.3 (2 ± 0.87)
Terrestrial,Tropaeolum majus,Light,Chlorophyll,80000,20 (3 ± 0.87)
Terrestrial,Tropaeolum majus,Dark,Chlorophyll,80000,11 (2.4 ± 0.87)
Terrestrial,Typha angustifolia,Dark,Chlorophyll,80000,22 (3.1 ± 0.91)
Terrestrial,Vigna unguiculata,Dark,Photosynthesis,80000,5.3 (1.7 ± 0.78)
Terrestrial,Vigna unguiculata,Dark,Chlorophyll,80000,7.2 (2 ± 0.78)
Terrestrial,Vitis vinifera,Light,Photosynthesis,80000,13 (2.6 ± 0.93)
Terrestrial,Zea mays,Light,Photosynthesis,80000,14 (2.6 ± 0.91)
Terrestrial,Zea mays,Light,Chlorophyll,80000,19 (2.9 ± 0.9)
Terrestrial,Zea mays,Dark,Chlorophyll,80000,10 (2.3 ± 0.89)
